<?xml version="1.0" encoding="UTF-8"?>
<Defs>
    <PrisonerInteractionModeDef>
        <defName>ConvertThenRelease</defName>
        <label>convert then release</label>
        <listOrder>25</listOrder>
        <description>Wardens will attempt to convert the prisoner to their ideoligion. Then the warden will instruct them to be released as a missionary for your colony and will spread the word of your ideoligion.</description>
        <allowInClassicIdeoMode>false</allowInClassicIdeoMode>
		<allowOnWildMan>False</allowOnWildMan>
    </PrisonerInteractionModeDef>
</Defs>