﻿<?xml version="1.0" encoding="utf-8"?>
<ModMetaData>
	<name>Spread The Word</name>
	<author>crazedmonkey231</author>
	<packageId>crazedmonkey231.spread.the.word</packageId>
	<supportedVersions>
		<li>1.3</li>
		<li>1.4</li>
	</supportedVersions>
	<description>A simple mod that if a faction has 100 goodwill and then after you convert and release 25 prisoners the ideoligion turns to yours.\n\nSettings for how many people needed to convert in settings.</description>
	<modDependencies>
        <li>
            <packageId>brrainz.harmony</packageId>
            <displayName>Harmony</displayName>
            <steamWorkshopUrl>steam://url/CommunityFilePage/2009463077</steamWorkshopUrl>
            <downloadUrl>https://github.com/pardeike/HarmonyRimWorld/releases/latest</downloadUrl>
        </li>
    </modDependencies>
</ModMetaData>